ISOALPHA,COUNTRYNM,mean_vax,overall_cvg,mean_age,perc_born_before_1980,perc_born_before_cessation,min_admin1_vax,max_admin1_vax,std_admin1_vax
ABW,aruba,NA,NA,36.60717087767973,42.62692396405765,NA,NA,NA,NA
AFG,afghanistan,10.350169097793508,95,20.0641298819429,12.406730716176046,10.894914839782643,10.346734446330451,10.354931512440404,0.001724921637554453
AGO,angola,13.183500375824092,93,20.72402049228443,13.361435694126339,14.175806855724828,13.161382915103076,13.198182825974143,0.00860144754946488
ALA,aland islands,45.97693355576775,95,41.65573039612605,49.846559696456545,48.39677216396606,39.45119570522206,59.8708791208791,6.169214074616199
ALB,albania,35.56866277735605,80,35.22640639847996,38.065203928436816,44.460828471695066,27.620316090606384,42.76258035912214,4.201640341914654
AND,andorra,37.109160230642246,80,40.08949272029629,44.50647245684382,46.386450288302804,30.91173794358508,43.629318695511785,4.2371978126692325
ARE,united arab emirates,10.863768039668111,80,28.207802187302164,15.248645640558706,13.579710049585138,10.57686393593216,11.09055341055948,0.17698651291049655
ARG,argentina,24.428469295410704,75,32.586166622141974,31.729656063152984,30.57687282071129,19.250243607826143,31.47323629942947,2.894138638386934
ARM,armenia,30.265035955567303,80,35.407066351651864,37.83129494445913,37.83129494445913,27.45877824812058,32.34311516440155,1.83049558293187
ASM,american samoa,14.503758820427121,95,26.742587348597116,23.95526224183029,15.267114547818025,14.335180958591456,33.52941176470588,9.048559251843027
ATG,antigua and barbuda,21.7584135392,80,32.4970741947716,31.822208271545144,27.198016923999994,19.29609727141074,25.205012945203777,1.8102478995794271
AUS,australia,12.67037482070328,30,37.91472517481669,42.234582735677606,42.234582735677606,9.565512289288163,14.094124650584172,1.5391039769220392
AUT,austria,36.742087642510164,81.5,41.48625472718724,48.8026966324131,45.59159422641774,34.14154981704853,40.425969981577545,2.21026401629733
AZE,azerbaijan,22.304816108066806,80,30.507910497902582,27.8810201350835,27.8810201350835,18.839932576408103,26.448003932203985,2.0585927111504447
BDI,burundi,9.758583337793839,69.33333333333334,20.926877874910282,13.149497675668588,13.940833339705481,8.647753781758924,11.740285933701088,0.9154613867718876
BEL,belgium,37.24599054537819,81.5,40.7821437776475,47.62187783191169,46.23373033461596,29.67801415993112,38.9428805657684,4.8496244218263636
BEN,benin,10.77985137818861,80,20.958287143033605,12.659450365048706,13.474814222735763,8.60010363408916,12.675324675324672,1.280036871715166
BES,"bonaire, saint eustatius and saba",25.560716705318946,81.5,36.66445546340454,41.60981601625119,32.23942459520129,22.63166760247052,26.167109163551995,1.7677837653972976
BFA,burkina faso,12.807723686687789,86,21.409545343622305,14.097596916730696,14.892701961264867,10.71792815539641,15.364344433800106,1.3828321090008597
BGD,bangladesh,16.348597956673537,79,25.742602357358226,19.536168011462404,20.694427793257642,14.578657341769963,18.530611578586587,1.5281959375938146
BGR,bulgaria,40.446112541631685,80,42.123120491398275,49.16210536781667,50.55764067703963,36.235768134030046,47.401769981587435,2.914369062644724
BHR,bahrain,15.649628731063977,80,29.772612111169586,21.283341773312102,19.562035913829963,15.60850395761024,15.679988812945448,0.03197582194652511
BHS,bahamas,19.270004782671826,80,30.52739991798483,28.508277200427646,24.08750597833979,18.44421342287915,37.11111111111112,5.061742983831052
BIH,bosnia and herzegovina,35.47135738758652,80,39.49803177607327,45.70812533525565,44.33919673448316,33.98379610854265,38.381671460075246,2.206913930733794
BLR,belarus,35.27412950572291,80,38.97685780722111,44.09266188215362,44.09266188215362,32.26041524674944,37.555128904277034,1.6952237750212813
BLZ,belize,16.24599880286181,80,25.45862015627034,19.23180852970203,20.307498503577257,13.379503004710086,17.98889469900202,1.7509493878263092
BMU,bermuda,19.79228552563585,60,39.70325267336854,46.81655194101364,32.98714254272642,18.416692619121765,21.03662597114317,0.9405104619261614
BOL,bolivia (plurinational state of),22.762026233655543,91.66666666666666,27.603854614102126,22.672992796004767,23.755620946233464,15.574602542330362,25.64030898528936,3.2661515579906433
BRA,brazil,20.126738920718974,83.5,31.566116215611995,29.245302281511304,24.047649752392925,11.399102845619538,25.06539545165184,3.5085408148721053
BRB,barbados,29.582612609079103,80,37.22770925457325,41.422584034388805,36.97826576134887,26.810624055279636,31.55072228534329,1.533683346182059
BRN,brunei darussalam,20.05400030309262,80,29.054857047391756,23.535723449405126,25.06750037886577,19.284605821580143,23.45397076254445,1.9941184358072728
BTN,bhutan,14.56141066520731,77,25.019881474630054,17.955052991928294,18.910922941827675,10.641650117543495,19.78105893186003,1.9503527793334623
BWA,botswana,18.99215425644752,96,26.258752034724992,18.803189539188992,19.783494017132835,18.55922059073638,19.03370356535224,0.11610333934793163
CAF,central african republic,13.2784823174372,86.5,22.86460245399114,15.535597911192724,15.535597911192724,13.2784823174372,13.278482317437202,1.1749496091904413e-15
CAN,canada,28.646086974730068,80,39.67155216228901,46.57267650454037,35.807608718412595,11.59539384359283,32.23220836525197,6.0394434470037135
CHE,switzerland,39.030586259347544,81.5,40.817017027076304,47.27729315338494,48.890544538335405,36.074518529612085,43.081046428571426,1.8667021047025556
CHL,chile,29.339792600419088,93,32.518831621539654,33.0169692109351,31.54816408647214,25.81601345538418,31.269962445060344,1.7011332912942705
CHN,china,31.864012979285118,90.33333333333333,35.68170484391974,36.882015952452484,35.01539887833531,20.5688222999069,39.953309712452885,4.473732463846441
CIV,cote d'ivoire,14.035567581247856,83,22.718014596666404,16.004732327000955,16.91032238704561,13.998075249600827,14.077048622544366,0.02568195533921592
CMR,cameroon,12.149045618131984,78,21.8411884216638,14.115621100949427,14.940376454565461,10.355068790833382,16.71546842648493,1.923994276470858
COD,democratic republic of the congo,13.633489911863467,90.33333333333331,21.14893160017972,13.969761803562946,14.784778330513989,13.633489911863464,13.633489911863473,2.6347629809804343e-15
COG,congo,13.240656032399906,86.5,22.742064155262646,14.58119345760528,15.524366717908304,11.364103761319884,20.0481953129248,2.8279449817060835
COK,cook islands,9.656598286756939,30,32.16173327875084,33.61601153970766,32.18866095585647,7.589072158785867,9.747050668334923,1.5259212377569764
COL,colombia,13.65229363849468,87.5,27.700840980105873,23.687743837729915,15.571656627209693,7.489631968221501,16.95736502430842,2.6560335115493072
COM,comoros,12.65308350667718,80,22.35905838005757,15.056977693815801,15.816354383346471,10.674106210424569,14.397334626225748,2.1118926440954735
CPV,cape verde,15.717148792321314,80,26.92994627236245,20.717271711738995,19.646435990401642,11.410780220862971,20.01751601775935,2.956486993411143
CRI,costa rica,24.260889731970465,80,31.169703587362264,29.011109018106353,30.32611216496309,20.41898463280736,26.096954731474725,1.8181052671555669
CUB,cuba,12.987592128670476,80,38.338961905706235,43.72420529424794,16.234490160838096,10.447357553303204,15.719018535823794,1.323331729904317
CUW,curacao,NA,NA,38.551617695228515,46.07709208118974,NA,NA,NA,NA
CYM,cayman islands,11.280081361449405,60,34.3761261353366,33.63200365290593,18.800135602415672,10.018843120069915,17.617699115044243,2.7081491777692577
CYP,cyprus,26.976968838066725,80,34.5089724269372,35.193696269258965,33.7212110475834,21.70846328298798,31.01464895696792,3.1268450639970737
CZE,czech republic,37.75404468021706,80,40.578947045964895,45.84584490479384,47.19255585027133,36.46057619964812,38.86647636637085,0.7479704016241294
DEU,germany,40.95246274788652,80,43.32646401412418,52.775688543344714,51.19057843485816,37.169495588403606,46.01449820565763,2.727476971597926
DJI,djibouti,15.021419031655912,90,23.510369637997275,14.43442183603745,16.690465590728788,15.021419031655908,15.021419031655912,1.9459014222361975e-15
DMA,dominica,23.531433813907785,80,30.936280000033012,28.156524217588547,29.41429226738472,23.486245429294428,23.556744783353068,0.023747866810542733
DNK,denmark,39.6982730931137,92,39.78354218545689,46.14315622293159,43.15029684034097,37.22290530615321,43.046096127066114,2.4236031776992193
DOM,dominican republic,20.47933241103905,80,28.622199040459176,24.37116488489518,25.599165513798813,18.21906545207291,22.85020889009163,1.6333393497335578
DZA,algeria,19.432543429483236,84.5,27.76279310416895,21.581224436599086,22.767768105470772,13.10507873763082,23.639888043778825,2.581962021911075
ECU,ecuador,21.86988313616436,86.5,28.362929359536977,24.37213481312153,25.502153323551184,14.792743188949816,24.281712689432094,3.0132221289379757
EGY,egypt,20.984211428396385,84.5,25.657795375522486,19.783596137363844,24.48418498975437,16.029514555852693,26.29763147764856,2.5888089639531944
ERI,eritrea,9.762851036337425,88.5,21.12991355701586,12.591118174631044,11.068753699992735,9.762851036337423,9.762851036337429,3.076740298213702e-15
ESH,western sahara,18.207684498556823,84.5,26.63963094994236,19.78917710824577,21.223352571693354,16.17388605402499,19.026684325099087,1.4646307623088701
ESP,spain,38.22507520879038,81.5,41.02308937919486,46.094869636688735,47.738829896170294,29.755294900202145,45.82707614122779,4.064169159186422
EST,estonia,37.51189150181449,80,40.813519948709,46.8898643772681,46.8898643772681,32.647746396468925,43.39520966502978,3.1038701423657686
ETH,ethiopia,10.559513231333137,88.5,21.47894886569416,13.514492669658779,11.9599776079257,7.781502201266051,13.116117348484636,1.852336105691565
FIN,finland,45.21088258143573,95,41.185524630843226,48.8478784321746,47.59040271730077,40.2402232287177,52.63076996508328,4.163155863321673
FJI,fiji,17.723661884305407,80,27.66081699674309,23.51280665291433,22.15457735538175,15.390654753185876,23.067840497151735,1.705586144134445
FLK,falkland islands (malvinas),NA,NA,37.01370608679439,41.47710475765703,NA,NA,NA,NA
FRA,france,39.26152335800321,77.5,39.83345146217012,45.60540883601646,51.21880135026592,34.50698012907266,43.80262347413865,2.5962874599669985
FRO,faeroe islands,36.05236772799543,92,37.33583542352451,42.12638833713581,39.18735622608197,34.638068631053606,43.298042059463384,3.465322246048087
FSM,micronesia (federated states of),17.412807238371947,80,25.456962058417602,20.677181639092698,21.766009047964936,16.081884326057462,22.161202425947092,2.7389648226040504
GAB,gabon,15.38416274887375,78,24.174267912231247,18.018341996567532,18.937447192006037,15.384162748873749,15.384162748873752,1.2560739669470201e-15
GBR,united kingdom of great britain and northern ireland,20.020234689448266,60,39.503073403634644,44.94119657968013,33.36705781574711,18.273873885140308,21.854835759312586,1.5568810763233731
GEO,georgia,29.224649787923543,80,33.713009914754224,36.530812234904424,36.530812234904424,28.968559516175535,29.336595185546962,0.08366446727945964
GGY,guernsey,20.723749377190995,60,39.475039255620736,47.60396538566575,34.539582295318326,20.357218496293676,32.601156069364166,3.534520326876609
GHA,ghana,16.08881910945881,94,24.568477584534715,17.847650182433025,16.883798063697203,13.406604580592314,19.231814061783016,1.8764592256515464
GIN,guinea,12.54643117495743,90.66666666666666,20.102907912278116,12.45400775643139,13.347267207401519,12.537951860527128,12.551273268431975,0.004769468074754009
GLP,guadeloupe,29.7516874161444,80,37.03459951546174,41.94209212503221,37.189609270180505,29.740301559114705,29.7631897702698,0.0161844093169974
GMB,gambia,9.692629504772789,83,20.60278631562953,12.489759020105707,11.677866873220228,9.68576653920074,9.709007593986692,0.00764113498063731
GNB,guinea-bissau,9.009962673759592,68,21.301959612406336,12.805507449903862,13.537569837238166,7.549149142308691,11.34327449587204,1.2236740626869007
GNQ,equatorial guinea,17.229151118822475,78,23.980833668654586,19.773940392615653,20.987261424413667,17.226894144075587,17.234846310638563,0.0056230309018054335
GRC,greece,39.73822252352068,80,42.019617613653004,48.1331591897532,49.672778154400845,36.638540120212184,42.45960488809192,1.9962919978879303
GRD,grenada,16.156833734048455,80,27.77862030700943,22.914740151655245,20.196042167560567,16.15683373404845,16.15683373404846,2.0511601988091347e-15
GRL,greenland,30.371636080596794,92,33.41543493430389,36.771657252091615,33.01264791369215,24.849213161659513,30.751360723428213,3.2315780313028015
GTM,guatemala,13.319805978713797,80,22.76063230271308,15.83554095833933,16.64975747339225,13.28271231311446,13.344815575478238,0.013458062083351202
GUF,french guiana,18.863674993955684,77.5,26.04543212058985,21.272746906613058,26.515675478911135,12.996230421165784,22.861232185136966,6.975609643721277
GUM,guam,20.284514664800998,95,31.26142844100467,31.262544376553283,21.35212069979053,16.098783694937538,23.251050420168067,2.1875419144634267
GUY,guyana,23.223762886866197,87.5,28.446075685734865,25.169367730421616,26.448744338925202,16.015157544405458,24.799518476635175,3.6916664267044186
HKG,"china, hong kong special administrative region",43.07897826223713,90,41.070687266879006,47.865531402485686,47.865531402485686,41.275377404296506,45.19569995866364,2.2089148926473476
HND,honduras,15.993316356104938,80,25.429109725394778,19.02957105063022,19.99164544513117,12.195761160709754,17.884535904152536,1.4758337186649617
HRV,croatia,37.870332502123674,80,41.32006067724286,48.677717081376265,47.33791562765458,35.5683338529411,42.921207147305566,2.0312031728161952
HTI,haiti,16.013871806491444,80,25.277235764326367,19.014725189404665,20.017339758114304,16.009428138154906,16.015671388415743,0.001991907614054139
HUN,hungary,38.581508208188346,80,41.042788747022726,46.787660143779746,48.22688526023543,37.28173934298209,40.46974674209165,1.2260855851655024
IDN,indonesia,24.00791212196888,93,28.697198691726516,24.427621035785922,25.814959270934278,14.605861229039585,26.437877609903804,3.729739867218781
IMN,isle of man,21.83510585556103,60,41.114721659286545,48.87861947031867,36.39184309260172,17.280535415504733,29.745635910224443,3.5132672251977013
IND,india,23.856716700758618,97,28.01205878779106,23.397162067961105,24.594553299751155,15.551049560919616,33.9079938208791,4.197938364948134
IRL,ireland,22.617524158994538,63,35.74417321552262,37.34185886023529,35.90083199840402,21.536055315751707,24.43352857034169,1.2683135486672228
IRN,iran (islamic republic of),22.662875463448245,88,29.936442621409288,24.446597379748265,25.75326757210027,22.64109717178819,22.667475684471032,0.004507780321383621
IRQ,iraq,13.674354512961141,88,22.537092843545402,14.56091243182006,15.539039219274024,13.67435451296114,13.674354512961145,2.4749288699128013e-15
ISL,iceland,38.246165882077165,95,36.03255461027872,38.932648521530105,40.25912198113386,37.18849684382982,40.599648255295286,1.5030007440102093
ISR,israel,24.64469912558986,80,32.36465449543364,31.94758650286162,30.80587390698732,19.217339239020916,29.265542361960247,3.872304240630435
ITA,italy,34.37157453179738,86,38.916309073009224,46.13237500151043,40.732752158407706,30.58075478814515,39.74232415068959,2.113551566704151
JAM,jamaica,19.848148238834415,80,31.025870696156463,28.538231658300912,24.810185298543022,16.343151015641663,22.119636496787724,1.534201676533014
JEY,jersey,17.84091438361893,60,38.07976276326571,43.71009658444561,29.73485730603156,15.548560318489027,22.184895833333336,1.9890618311564991
JOR,jordan,12.57519531198198,80,23.437312447659213,14.769099113384211,15.718994139977475,10.245697056020449,14.011747947953769,1.0296205814371102
JPN,japan,38.90473217975698,80,44.5076747946146,52.664892620319954,48.63091522469624,33.663628229786454,46.56551500128214,2.7030160629518174
KAZ,kazakhstan,25.174127320368942,89,30.646444478785988,28.47373073931626,28.47373073931626,18.922297747956247,34.44637783197967,5.126261761649694
KEN,kenya,11.632448519527191,82.33333333333333,21.35571129937885,12.968746736778188,13.741205803250832,9.233659554650233,15.831797574241635,2.233042763819311
KGZ,kyrgyzstan,20.000665536372892,91,27.1112456131944,21.978753336673503,21.978753336673503,17.163541704399734,25.302969012611577,2.789387528514941
KHM,cambodia,16.29886867928507,89,25.544798969006443,19.40853223174279,18.313335594702327,11.77319110395024,18.716707266348827,1.9444706866307067
KIR,kiribati,NA,NA,24.991954587642454,19.55516431053806,NA,NA,NA,NA
KNA,saint kitts and nevis,16.775829649594474,80,29.724526596295703,25.071833945999703,20.969787061993088,15.777584049673052,19.283615913741137,2.4791389061386546
KOR,republic of korea,31.482715641783923,80,37.457531969479426,41.0899047562979,39.35339455222991,28.174736025067126,39.62349190079068,3.356243212469349
KWT,kuwait,14.714294831801475,80,27.024180466351847,16.732853492710266,18.392868539751834,9.851764714725435,18.10404068784943,3.0075638535968663
LAO,lao people's democratic republic,13.290136043382452,89,23.074139419790562,15.892227583668719,14.932737127396017,11.78531211411392,14.633171393612963,0.8150201088547889
LBN,lebanon,22.10327650936011,80,31.02341167935084,28.940298093700054,27.629095636700132,22.103276509360104,22.10327650936011,3.1776437161565094e-15
LBR,liberia,13.584165219735478,87.66666666666664,22.369925520366802,13.982523917202258,14.87955986239871,11.778581412114344,16.472931486334698,1.2821087281878858
LBY,libya,15.19148699395563,84.5,25.82209079694202,16.73811170385447,17.802063813948703,15.191486993955625,15.191486993955628,1.818159190204792e-15
LCA,saint lucia,21.299031480157446,80,32.36211768433148,30.921124733803147,26.62378935019681,18.95985495935729,25.580363779351835,2.0094197046589555
LIE,liechtenstein,38.855321021352296,80,39.77893260335025,46.82620906891216,48.56915127669038,33.275217932752184,43.21567121183023,2.902190776466622
LKA,sri lanka,28.078095017251396,85,31.674553460601878,31.678131742348818,33.03305296147224,22.205265067698257,29.721834678659693,2.4861792998675907
LSO,lesotho,14.587616826414951,72,25.76750577207165,19.366271502090335,20.26057892557632,13.597568389057743,15.806707081129886,0.8174069575373422
LTU,lithuania,35.92031818838704,80,38.677588971593806,44.9003977354838,44.9003977354838,33.6282320923733,40.63244954766047,2.0038263635486095
LUX,luxembourg,33.5621411329032,80,38.82304605802235,43.61115877317163,41.952676416129,33.102315438823446,34.34741240121981,0.6330784665802541
LVA,latvia,38.30148828098972,80,41.23411676811316,47.87686035123715,47.87686035123715,37.460973983790005,40.76921571643713,1.3345007721879725
MAC,"china, macao special administrative region",NA,NA,34.058134471497574,35.209504612214765,NA,NA,NA,NA
MAR,morocco,22.59660898433816,84.5,28.434980611337398,25.082222454543622,26.391583785937762,18.868123245056864,24.123580976789786,1.7423586698294398
MCO,monaco,47.11835067770075,80,46.172202898339016,57.35674921754651,58.89793834712592,47.11835067770073,47.11835067770075,8.204640795236539e-15
MDA,republic of moldova,27.42145792111108,80,33.0580415763612,34.27682240138885,34.27682240138885,24.34349679068847,33.92308467926328,2.317384181889299
MDG,madagascar,13.04196441394756,80,21.869553958121177,14.540801907821097,16.30245551743445,13.04196441394756,13.041964413947564,1.9459014222361975e-15
MDV,maldives,NA,NA,23.423835867277326,13.977030483061903,NA,NA,NA,NA
MEX,mexico,17.938101296624776,80,28.99250448700667,24.956187398442303,22.422626620780974,12.979007329597522,22.792566137721284,1.7244315676332134
MHL,marshall islands,12.875704767192104,80,22.08906695264532,15.337904429591365,16.094630958990134,12.875704767192104,12.875704767192108,1.0476381089212135e-15
MKD,the former yugoslav republic of macedonia,30.696484366708933,80,36.76397432374975,39.80989772001423,38.370605458386166,25.2600056536376,35.10795057118978,3.2324626228302105
MLI,mali,13.516831138632087,94,20.69839828490178,13.741026579673074,14.513446497748307,11.977974500883674,15.628294659434076,1.238780555325365
MLT,malta,38.344014480211904,81.5,40.5070197358131,46.72463932112644,47.93905328977149,34.486427839834896,41.216560039268536,2.677852647203494
MMR,myanmar,24.721903876204824,89,29.506227863322028,26.471018278778317,27.777420085623387,19.10711482170207,27.59909641299395,2.643484422608349
MNE,montenegro,31.995944244652716,80,37.1441563093685,41.30255017539571,39.9949303058159,24.149444713092247,42.523721503388785,4.282685683413863
MNG,mongolia,20.75426934139306,90.5,27.650713640205147,21.663376245867745,23.00554180907559,17.314874694950255,24.434730990294916,1.679154094651419
MNP,northern mariana islands,17.32735616119817,95,31.08493235593219,31.825264287021685,18.239322274945447,13.844068877551017,19.511278195488728,2.8705817776682863
MOZ,mozambique,11.554834334550991,75.5,20.957448117910072,13.573677898710914,14.314891769018804,10.227859681192646,15.232815163664537,1.7627986058639808
MRT,mauritania,13.47098373923899,83,21.923128420336365,15.367337264512143,16.230100890649386,13.467369115488273,13.486308240233464,0.006126174450152742
MSR,montserrat,14.58717774424135,60,34.12124491128124,37.973998726124435,24.311962907068917,14.567620842895202,14.603254226805213,0.018001578132099634
MTQ,martinique,38.19015018681117,77.5,38.368922365749725,44.340280466331485,50.667970643905264,37.68037930741867,41.08239066257161,1.5722302830396797
MUS,mauritius,26.0064879945429,80,31.03603235601351,30.93634686961139,32.50810999317862,18.672314313642328,26.26947226482354,5.372001905025534
MWI,malawi,12.685765147330093,91,21.413834756709317,13.257557279842526,13.940401260802297,8.902952641709714,15.018324196885526,1.4744041067826696
MYS,malaysia,21.81783580211225,89,27.88400451381194,23.24192201498475,24.514422249564326,12.167151431548358,27.423783774129955,4.095570145366209
MYT,mayotte,13.855391604990842,77.5,22.35667288983992,14.951594939223193,19.576031833605644,10.605168373187592,18.708380745354283,2.165778872165447
"NAM",namibia,16.88007867854491,88,25.14516308239574,18.011397966527518,18.954743363867916,14.468120763426056,21.119411404063023,1.8791455704794606
NCL,new caledonia,26.843728636955785,77.5,31.827209310209273,30.472911662564652,36.63548445324027,23.79086798214472,27.60303473275191,2.193524099165703
NER,niger,11.327710027356819,77,19.675024613267684,12.556775558906867,13.246455205077194,10.15709126767742,12.342709598554674,0.7095710581661009
NFK,norfolk island,NA,NA,46.935273675065154,63.092962641181586,NA,NA,NA,NA
NGA,nigeria,12.794638491469122,77,22.45951684517034,14.52588656137575,15.446084775607549,10.196423225355009,16.57792123658555,2.0001848387293717
NIC,nicaragua,12.817871381653768,80,24.161294966245926,16.969589884065407,16.02233922706721,9.229372408355916,15.785483491028026,2.0455257849845867
NIU,niue,NA,NA,30.430230205002122,32.3895220068733,NA,NA,NA,NA
NLD,netherlands,31.59264256487353,81.5,39.890354910782925,46.794552448913414,39.00448271690005,25.46914951564801,36.47615161712572,3.072997521854792
NOR,norway,35.7827734840218,95,38.69829091013978,43.449508928995485,37.66607735160189,29.934593785680256,42.02529605336046,3.055210814259396
NPL,nepal,20.41049265859299,95,25.672312190112287,20.40760907043729,21.484729114308404,17.951571741233483,21.863521920505537,1.9436277753984519
NRU,nauru,13.535100189438769,80,23.133473595660014,15.946859433569095,16.918875236798456,13.53510018943876,13.53510018943877,3.3775941617751695e-15
NZL,new zealand,12.44365791061501,30,37.683601778958746,42.92118937166202,41.47885970205003,10.332968446878986,17.755990768975668,1.5376630362935244
OMN,oman,14.354750381457308,80,27.6680370282653,16.635570642389222,17.94343797682163,12.908834869673868,16.597735527731324,1.2394086475416046
PAK,pakistan,15.211849090403863,80,24.570912677032997,17.995441393977867,19.01481136300483,15.19274302976981,15.215110536717468,0.007966140976473631
PAN,panama,22.772396892816392,80,29.926228789663128,27.160504189994917,28.465496116020496,11.694258901286783,33.22821904742454,6.16466305210971
PER,peru,17.192514454941833,92.5,28.383836314809937,23.77670683210389,18.36488546600557,11.07451945699435,19.539658760471433,2.2231828439067316
PHL,philippines,17.75200176094354,89,26.22413322478879,21.138434349675805,19.946069394318585,10.716167556629111,24.824567653309675,2.484129366823717
PLW,palau,25.964130073425515,80,32.40016313159395,30.56098784163511,32.45516259178188,17.44,32.72131147540985,3.7019717701297052
PNG,papua new guinea,14.170518392687189,89,24.32587616381417,16.98671857651454,15.92193077830021,14.15222996684906,14.189786907920176,0.008068476778858047
POL,poland,31.168310713421054,80,34.91188623744019,37.58094954008859,38.96038839177631,30.465021079187732,32.376503901160916,0.7549080438762754
PRI,puerto rico,31.0802295022513,95,37.664302273054034,41.988839843449036,32.716031055001345,24.56255231820268,37.702608695652174,2.6314067167368274
PRK,democratic people's republic of korea,27.467768761374693,80,32.87036443517363,32.59926259723844,34.33471095171837,26.484669654437,28.811123899875597,0.7086236915593087
PRT,portugal,38.047496020950945,81.5,41.94289832859771,48.53170658463471,47.06818042256726,30.79456697177528,38.3405196534884,3.8043556327797168
PRY,paraguay,19.027857353942125,85,26.321654239301907,21.280776915387516,22.38571453404955,15.90572732485646,25.588699864523072,2.668265667950099
PSE,occupied palestinian territory,12.066265281047459,80,21.83034325821493,14.187637370080942,15.082831601309323,10.28934447602296,13.131183279161954,2.009483488738645
PYF,french polynesia,23.92436665720735,77.5,30.118190123287718,26.963519505716203,33.16940320257506,19.97424709455803,26.735811355294363,2.4431508408268634
QAT,qatar,16.7619223048586,80,30.633309419261682,18.849136694817762,20.952402881073247,16.099149026151533,17.5588469510175,0.5045448557108463
REU,reunion,28.916067016243037,77.5,32.57165398323327,33.16097553294892,39.549491749524456,27.069974681329946,30.101627704722723,1.3172422416151344
ROU,romania,37.42774979541882,80,40.39240810261032,45.00507006463453,46.784687244273535,36.5396399976205,38.535664888149824,0.8404247213620848
RUS,russian federation,34.59817607694306,80,38.5746311940944,43.24772009617886,43.24772009617886,18.160279874067133,39.330075772458535,4.444735638645059
RWA,rwanda,15.293028677756304,95,22.77098011416101,15.094316944293311,15.887768882465616,11.07316715127131,17.795066529608956,2.464701180565101
SAU,saudi arabia,15.292635364900482,80,26.935313250230255,17.74870533607477,19.115794206125607,13.028063703615556,17.273442606896726,1.3209499107429172
SDN,sudan,17.35288346087055,88,22.406690139522446,14.69212790320972,19.71918575098926,17.31614401260113,17.425425141491512,0.03156393484622563
SEN,senegal,11.931831729898635,83,21.48449182325842,13.586678732320697,14.375700879395948,11.886845237916312,11.972167661682215,0.02044354549068837
SGP,singapore,32.34403554824725,89,33.017448927823274,34.542656317596354,36.341612975558704,29.43065290507021,35.31977840811457,2.223251651120155
SHN,saint helena,20.445479910211517,60,39.871346934722396,48.232415888758396,34.07579985035253,9.782792665726376,24.619047619047617,8.03864289029946
SLB,solomon islands,13.392731257339042,80,23.35462155005031,15.82314134103733,16.740914071673803,11.451283876859254,20.335415981585008,2.623081381883515
SLE,sierra leone,11.411516244167043,84.33333333333334,20.80040256368682,11.920325579303947,12.821928364232633,10.54723785980362,11.982370989604874,0.6278480649644278
SLV,el salvador,19.003202910451158,80,27.49049777349437,22.694898577511914,23.75400363806395,17.279362826811468,20.13554859137411,1.0179083704067458
SMR,san marino,42.038324697485365,81.5,42.34955690019275,50.92161706697659,52.72757187068873,42.00569987253805,42.07239266328795,0.021662786801031283
SOM,somalia,10.929960806433321,80,20.604112826186196,13.66245100804165,13.66245100804165,10.92996080643332,10.929960806433323,1.7763568394002505e-15
SPM,saint pierre and miquelon,40.71669539307193,77.5,39.6755034977852,47.42440416693631,54.54829516453871,40.6989551381467,40.90015788781195,0.14227182868167715
SRB,serbia,38.6592866115634,80,41.814037583561245,49.631869584478686,48.324108264454246,37.305130359143,40.349343394991656,1.3039651984289462
SSD,south sudan,13.255575991834432,88,19.947890662470368,10.25772459321773,15.063154536175492,12.226689232532104,15.42498337829664,0.9213967643935487
STP,sao tome and principe,13.268002481199455,80,23.044084806885852,15.69848223591607,16.585003101499314,13.266790189970097,13.297651556526482,0.0218222815687036
SUR,suriname,26.8526807435237,87.5,30.565822117482547,29.1987219859126,30.592573131977726,19.76952432673337,36.84507786100221,5.44255655467856
SVK,slovakia,34.89519923033303,80,38.50076770364546,42.29370262447168,43.61899903791628,31.5297899467563,37.039550868919015,2.056747684848476
SVN,slovenia,36.98368833955885,80,41.11565178215295,47.72085361048892,46.229610424448566,35.38664675984513,39.58006429422476,1.3861553074030295
SWE,sweden,40.34057561480052,98,40.584850373396044,46.67451760543193,41.1638526681638,35.799528900480595,46.1860081529186,2.8636901494441727
SWZ,swaziland,13.62950286530959,85,23.139759081269798,15.237536900415982,16.034709253305405,13.303321509894744,14.07161914279182,0.32353756858899907
SXM,sint maarten (dutch part),NA,NA,33.96426676912093,36.63815896780279,NA,NA,NA,NA
SYC,seychelles,21.46169647985233,80,28.992469967279792,25.0954226435597,26.827120599815412,17.621621621621625,23.492130670546228,1.9635755377654662
SYR,syrian arab republic,12.155809832596484,66,24.501362887466414,17.438495964533775,18.417893685752244,12.154803963034777,12.160303777088604,0.0013307945027066705
TCA,turks and caicos islands,12.586574288506462,60,34.163833990441496,33.77898751139233,20.977623814177438,12.461430400212672,12.603150868218224,0.04736466801676569
TCD,chad,12.174241410427173,78.33333333333334,19.49133243278777,12.035221385690615,16.249539147367862,10.918103646981542,14.94677121042228,0.9856072785115784
TGO,togo,15.007969569454383,94.33333333333333,22.354281799402475,14.842416130764331,15.797862704688825,12.877616034793132,15.87436447459935,1.084659535438381
THA,thailand,32.611748172375286,85,35.162314863216665,36.64778472741257,38.36676255573563,28.9102881839162,37.827852984764625,3.0587836321942374
TJK,tajikistan,16.125344196933256,91,24.443947220719494,17.720158458168413,17.720158458168413,14.702114504677944,20.27880223928498,2.3198657147548642
TKL,tokelau,7.3406071584629595,30,27.422118010307067,25.647729728804006,24.468690528209866,7.340607158462957,7.34060715846296,2.082963028648268e-15
TKM,turkmenistan,19.43394593494373,91,26.846992495742334,21.355984543894206,21.355984543894206,19.43394593494373,19.43394593494373,0
TLS,timor-leste,16.001972763730542,89,23.12470616481846,17.062838283795443,17.979744678348926,11.31549231576322,20.014595966975957,2.1644757291233394
TON,tonga,16.33501620082188,80,25.98566543835044,21.531084626887374,20.41877025102735,15.801336987968028,23.53822152886115,2.935654348537213
TTO,trinidad and tobago,23.92703147485214,80,33.26121249472249,34.03278082293601,29.90878934356516,21.646437419624935,29.2459866100519,2.0219685732125265
TUN,tunisia,26.78875545909356,84.5,31.404227182545196,29.989623357675182,31.342162520408532,23.000196655368978,31.846487340358895,2.5729373935646653
TUR,turkey,23.981873450386413,80,31.077197810455445,28.726732400550542,29.977341812983003,10.18141912863948,34.49501824997533,6.249341736736686
TUV,tuvalu,22.15685274376344,80,27.944776798298715,26.688131977753798,27.696065929704297,18.70089858793325,27.409563409563415,3.440300758903764
TWN,taiwan,34.536728485658756,90,36.07003754958088,38.37414276184307,38.37414276184307,14.96839478791239,40.16838657795309,5.623202840071171
TZA,united republic of tanzania,14.436197747999056,97,21.741964998491493,14.025988168789787,14.882678090720667,10.891351346011904,21.419268037367345,2.8031970574121585
UGA,uganda,11.660417260775436,93,20.2825508291659,11.997731890813464,12.732561795842003,11.541092192088724,11.711740449973542,0.019896490673294787
UKR,ukraine,36.32247464046981,80,40.05244394941444,45.40309330058726,45.40309330058726,30.905406509234496,39.83820972011589,2.4471291278603235
URY,uruguay,27.32358802734175,69,36.200097110090574,38.36091926626883,39.59940293817644,24.18855653463681,30.194188836479256,1.6421248837968354
USA,united states of america,30.396512842786393,95,37.35306793606341,42.045853665236095,31.996329308196216,22.061127724199807,36.769383473317866,2.6480814217052417
UZB,uzbekistan,19.016810407225304,91,26.583137574048273,20.89759385409373,20.89759385409373,19.00661439626683,19.037875991325578,0.007619983849590029
VCT,saint vincent and the grenadines,21.600497299242665,80,31.453297348956593,31.09276291892224,27.00062162405333,19.62274915314673,23.021893124762435,1.3814889502025212
VEN,venezuela (bolivarian republic of),22.916246918509735,87.5,29.64514392719303,26.10827401119295,26.10827401119295,14.814545330420524,27.92377379300695,3.0955147700816146
VGB,british virgin islands,11.937585838835952,60,33.23245469292137,33.19181212105836,19.895976398059926,11.930244504346398,11.968096985530456,0.014678739383741599
VIR,united states virgin islands,32.89863427760977,95,37.86054070008319,44.71662722621674,34.630141344852404,32.74806821999565,34.69664268585132,1.08506181630493
VNM,viet nam,24.55018554383396,89,30.2064665440637,26.19446995606308,27.584478139139282,19.040744843180864,28.620832387647415,3.2721506878279096
VUT,vanuatu,15.266624555999725,80,24.39345333426472,18.09166243920922,19.083280694999655,13.65654578979717,17.585194705819283,1.595587323124657
WLF,wallis and futuna islands,25.982330916911323,77.5,30.559758081087406,30.136950812899563,35.228452775788305,24.538072344384695,26.5710604059918,1.4375396444336797
WSM,samoa,14.867412973267912,80,24.390092382809488,19.717909225071274,18.58426621658489,13.963003580278134,16.081543039524515,0.8659317237487422
XKO,kosovo,22.93191897732003,95,29.017021082982378,25.391276504547456,24.13886208138951,17.629865089632226,40.18280711063943,4.230625912284688
YEM,yemen,9.004939436186074,63,21.414091824230127,13.553295610893311,14.293554660612815,7.087880016437005,11.387137175830976,1.0271977730560755
ZAF,south africa,19.530563317554066,80,28.153856268009193,23.174165305319978,24.32485822285744,17.468857664305318,22.465383533945264,1.705680997687665
ZMB,zambia,11.444793886498227,91,20.75281032790617,11.85152751501373,12.576696578569482,10.01310016086892,13.181593489956516,0.9370914934568688
ZWE,zimbabwe,13.474429164929681,92.33333333333333,21.96820798514055,13.413440778094236,14.231806385815064,11.897849374317737,15.440361353285583,1.121643650852647
