ISOALPHA,COUNTRYNM,mean_susceptibility,overall_cvg,mean_age,perc_born_before_1980,perc_born_before_cessation,min_admin1_susc,max_admin1_susc,std_admin1_susc
ABW,aruba,NA,NA,26.716314477297836,20.73920407973405,NA,NA,NA,NA
AFG,afghanistan,91.64765168338886,95,20.06394648202435,12.406409996529192,10.894604208714751,91.64400461328579,91.65021805299735,0.0014282025569066954
AGO,angola,89.08060552128799,93,20.958139527196927,13.719338889468238,14.549299114884539,87.10890094945651,89.37913834762143,0.5310610311049572
ALA,aland islands,NA,NA,41.6410729114765,49.84089021757183,NA,NA,NA,NA
ALB,albania,71.29642206016696,80,35.22598366733083,38.06464438283956,44.46031279404126,65.49109111090893,77.71176059622069,3.3909759039445553
AND,andorra,70.05532534246575,80,40.085873287671234,44.50199771689498,46.382705479452056,64.78953469974829,75.05100737864078,3.4200811613728987
ARE,united arab emirates,91.23310133870211,80,28.207742708214315,15.248400988129056,13.579458892964505,91.05002010950216,91.46663904758394,0.1432511791298435
ARG,argentina,80.90564031494883,75,32.01275855636771,30.715430406748183,29.562867240609034,74.60111865063138,87.291313879622,2.695282952055663
ARM,armenia,75.57645049599903,80,35.4067562424839,37.830776802975485,37.830776802975485,73.89943499946938,77.84142730433771,1.4770631312492102
ASM,american samoa,89.62287040233774,95,25.126170718582497,19.92611892560662,13.53568068566133,74.44500000000001,90.3419505984628,7.170265065956794
ATG,antigua and barbuda,82.04504109433908,80,32.303273061006855,31.796750767953117,27.81127463702124,77.00738420843804,84.57391746031746,2.8608495739094795
AUS,australia,91.60287049430143,30,33.588167496316366,34.68454979635922,34.68454979635922,88.62605031913756,95.70662096592658,2.141790126993709
AUT,austria,70.34917113303898,81.5,41.48622674365765,48.80266352470723,45.59155408287799,67.37610156133881,72.4478038644098,1.7837365958812061
AZE,azerbaijan,82.0097251931448,80,30.50154247138335,27.86597708620694,27.86597708620694,78.65682352012449,84.79910877841435,1.66511763762856
BDI,burundi,92.12572375020339,69.33333333333336,20.926605136248064,13.147881010438303,13.939239245524139,90.52602715267693,93.0215116047859,0.7387638346031403
BEL,belgium,69.94249325694004,81.5,40.78213462277305,47.621871855569744,46.23372401155831,68.57309268121281,76.04989066123007,3.9136707263004005
BEN,benin,90.91896444325822,80,21.65743236595004,13.213365392867756,14.066040205609948,89.85707066918658,93.0599292859671,1.0137791256164295
BES,"bonaire, saint eustatius and saba",NA,NA,36.656056872037915,41.600758293838865,NA,NA,NA,NA
BFA,burkina faso,89.67152110338175,86,21.67472917631449,14.061075161636891,14.882105554044925,87.60125809246834,90.84311770846773,0.8888308553988713
BGD,bangladesh,86.80687123184504,79,25.742611544913537,19.53585650698261,20.694130108630134,85.04580438408546,88.23503298903023,1.233252503758248
BGR,bulgaria,67.3600235330135,80,42.12302845066928,49.16203685231145,50.557584366459885,61.74587798887162,70.75776484611492,2.3520554710633697
BHR,bahrain,87.81410951625894,80,25.47816488312411,19.94182416805837,18.875295049165217,87.3475742690972,89.16959064346065,0.7905545895750327
BHS,bahamas,86.37057427357578,80,29.049935089268658,24.747664696095782,21.11125422308586,70.58933333333333,86.82898146607074,4.246226336733795
BIH,bosnia and herzegovina,71.37463152745215,80,39.49800269711358,45.708102343611145,44.33917049651153,69.026010427528675,72.57510895094669,1.7809645688024678
BLR,belarus,71.53381298562658,80,38.97681988332802,44.092606899587075,44.092606899587075,69.69304050586658,73.96585674479911,1.3680395065745823
BLZ,belize,85.72440154238465,80,26.383790756231285,21.01987091807628,22.11214135318363,80.27253892554194,89.2090890770715,3.1785137552318843
BMU,bermuda,73.00854972875224,80,39.695923064277494,46.80815387144501,41.80831826401447,71.61530084033613,74.35231144683323,1.0762344278461506
BOL,bolivia (plurinational state of),81.66821863898322,91.66666666666667,27.574379273022924,22.627620774471545,23.707850598728143,80.0554181276848,87.43281506866938,2.5023832414710365
BRA,brazil,83.73196463600094,83.5,31.589950540684672,29.289407128148024,24.085817671941467,79.77223176549272,90.80113890005582,2.8498490266165053
BRB,barbados,81.90117463169315,80,32.74917286659287,32.11112720045624,28.034116121912703,74.53975792339807,83.99981553738681,3.2350892393452155
BRN,brunei darussalam,83.81783282958135,80,29.05358356150778,23.53347223194111,25.06531470015282,81.073983242419,84.4379130348653,1.6057085782054454
BTN,bhutan,88.25986092966586,77,25.014389248205525,17.937412431312055,18.893350505051803,84.03907985865725,91.41311936170213,1.5728413994622514
BWA,botswana,82.97540544245578,96,26.149863687337252,20.883222682788457,21.97515819592144,80.54214383571563,92.53973333333333,2.274107017764451
CAF,central african republic,89.28483383140518,86.5,22.864174568093663,15.534784326905399,15.534784326905399,89.2844632086192,89.28846531603438,0.0010502936883241573
CAN,canada,76.88231819701889,80,39.67207084729846,46.573739710996044,35.80805731564605,73.98857329057658,90.64753611760399,4.875333368096609
CHE,switzerland,68.50239803005847,81.5,40.81693794896092,47.277202237258514,48.89046817845471,65.2335546373186,70.8879612224556,1.5064917432424012
CHL,chile,76.64735428505577,93,32.28973740566634,32.56894737436465,31.115702275711474,74.76516754515366,81.00253342370536,1.745286870049105
CHN,china,74.28574393024533,90.33333333333333,35.68170305084425,36.88201286644274,35.0153956040615,67.75768067030737,83.40103510130923,3.6103098835768344
CIV,cote d'ivoire,88.7636866082253,83,22.60826076276659,15.873673456524815,16.775374198316975,88.63989072178212,89.49309582979141,0.22009841116855058
CMR,cameroon,89.64021372706884,78,22.474700409455984,14.93765916801998,15.799801720699252,85.68685574961245,91.33174062812557,1.7752055641330249
COD,democratic republic of the congo,88.997796646334,90.33333333333333,21.148915015362068,13.96973245427542,14.784748290007911,88.99777757366599,88.99788106456215,3.1935666354060206e-5
COG,congo,89.33223481004936,86.5,22.48703324698143,14.560186463600553,15.506089799986386,83.82269089554775,90.82963272097572,2.321617837416904
COK,cook islands,NA,NA,32.15256700032289,33.59918200408998,NA,NA,NA,NA
COL,colombia,88.93309581136802,87.5,27.648770777664822,23.500566466242827,15.643350266802019,85.04470435322948,93.80526903281591,2.2794050646949113
COM,comoros,NA,NA,22.35444897448898,15.051292914840564,NA,NA,NA,NA
CPV,cape verde,87.31945886554242,80,26.92704481919019,20.712309495896836,19.641482550275047,83.84848699296754,90.79880755103784,2.383590147311578
CRI,costa rica,80.29218029883748,80,31.279826028453776,29.214964052114503,30.526362610226943,78.64945925775243,83.52224424640922,1.5327135563357641
CUB,cuba,89.51912908128202,80,38.338878452823536,43.72407405575737,16.2343105928098,87.31492044252417,91.5711680570683,1.0681489866995124
CUW,curacao,NA,NA,38.5314512286018,46.05625542209895,NA,NA,NA,NA
CYM,cayman islands,NA,NA,34.366076789382205,33.61415705482699,NA,NA,NA,NA
CYP,cyprus,78.2561917325933,80,34.49169445249831,35.151907385163405,33.68000041419873,74.97172470838996,82.48161553864917,2.523303287895151
CZE,czech republic,69.53253503184712,80,40.57889574579732,45.845766916713195,47.192479814363175,68.63476732609891,70.57632076448627,0.6035940586408549
DEU,germany,66.95136043769621,80,43.32646280118435,52.775692487747186,51.190581725997184,62.86631223164771,70.00420462742696,2.201083728418863
DJI,djibouti,87.8781828199541,90,23.51004521064706,14.43378970596548,16.689821258496327,87.87771863453733,87.88050698410514,0.0010697768428062373
DMA,dominica,79.64973881135462,80,31.828465851697622,30.192644663876806,31.521470242635388,72.86846290173258,83.63124409448818,3.165653637302169
DNK,denmark,67.96353368639708,92,39.78350293761438,46.14309699784409,43.1502428662288,65.26191483084257,69.96112793102603,1.9558215082604975
DOM,dominican republic,83.4733263801678,80,28.622066597914994,24.370936346833005,25.598936833692974,81.56010921411571,85.2973724784516,1.3180397790025782
DZA,algeria,84.32400842213269,84.5,27.754997059157844,21.572794049485807,22.758915811497662,80.92280976991995,89.42806547097967,2.087690603859224
ECU,ecuador,82.52735598738187,86.5,28.175200882357863,24.10017160057039,25.257111756033442,80.41154194494187,88.06329111459151,2.4129936464146122
EGY,egypt,83.16557079987794,84.5,25.57846290450155,19.66108591362396,24.341030515844473,78.77783351002417,87.0644831690364,2.149998015809728
ERI,eritrea,92.12164302025319,88.5,21.129707580284236,12.5907414889169,11.068384296368226,92.12145930382441,92.12341068637909,7.4298193248306e-4
ESH,western sahara,NA,NA,27.288842680874033,21.703542578982166,NA,NA,NA,NA
ESP,spain,69.26338350878704,81.5,40.929557470484816,45.93186209909163,47.571315092559566,63.017501799237664,76.00539733104416,3.690380392399445
EST,estonia,69.72831400981161,80,40.81316276292892,46.88922860933765,46.88922860933765,64.98017045301788,73.65367455421583,2.5046899664549938
ETH,ethiopia,91.4784998705662,88.5,21.478925315061453,13.514454156048613,11.959939814905956,89.41533734140737,93.7207856859565,1.494853792300635
FIN,finland,63.601087337995615,95,41.13280661780076,48.73726131049322,47.47787473032595,57.52669600095626,67.52628320013301,3.3709348065994122
FJI,fiji,85.6997734934131,80,27.659489398143773,23.508483153252847,22.150288888765314,81.45311287758346,87.59633421622924,1.3640583902267949
FLK,falkland islands (malvinas),NA,NA,37,41.44774011299435,NA,NA,NA,NA
FRA,france,68.32212919603758,77.5,39.82630804245673,45.59622432225744,51.21111475566609,64.65149414341704,72.15824988487081,2.0952699235975385
FRO,faeroe islands,NA,NA,37.32585307764957,42.11103354822814,NA,NA,NA,NA
FSM,micronesia (federated states of),85.95570726599604,80,25.449627912194757,20.665083579522083,21.75386111214988,82.1299954053167,87.02615866057839,2.204173606534454
GAB,gabon,87.58555707689297,78,24.173783574654866,18.017442054008498,18.936539730972434,87.58519718807649,87.58706178293771,7.49836838897794e-4
GBR,united kingdom of great britain and northern ireland,83.8437023454447,60,39.50304085631022,44.941118208128216,33.36699226467427,82.36315291453786,85.25300505817599,1.2564090715652658
GEO,georgia,76.41556260573955,80,33.71274547776643,36.531036856041574,36.531036856041574,76.32535482925287,76.62257970067316,0.0676043896878541
GGY,guernsey,NA,NA,32.57205220756049,31.522907510686156,NA,NA,NA,NA
GHA,ghana,85.73989344160424,94,25.207526081762364,19.524438021976703,18.504409551013943,84.48001667904296,87.76050979803124,1.2975035046039933
GIN,guinea,89.87508607864457,90.66666666666666,20.102864729641624,12.453935491858264,13.347193336702034,89.8711409193636,89.88198060125885,0.003882961021824703
GLP,guadeloupe,75.99075035037652,80,37.0342207117908,41.94158212849802,37.189048404001674,75.98137545252833,76.00003028682897,0.0131909598358995
GMB,gambia,92.17861368311458,83,20.60228597395926,12.48890343518893,11.677022315112374,92.1704424263241,92.18406168142474,0.004970696357309134
GNB,guinea-bissau,92.73335998105567,68,21.3010436568154,12.797726250041615,13.529853976109086,90.84695564074634,93.90819493521592,0.9868900334200472
GNQ,equatorial guinea,NA,NA,23.980675452689372,19.773706406377833,NA,NA,NA,NA
GRC,greece,67.93274939360221,80,42.01785244975547,48.13065654980167,49.67046252539929,65.72821641168754,70.43283703731653,1.6219827829434406
GRD,grenada,83.33013412919132,80,31.674427659835963,29.865579322773858,25.820734000633,79.87715965888512,86.9817721102427,2.4371592147582337
GRL,greenland,75.05066609771708,80,33.41023931441576,36.765521655643276,38.64518882014082,74.56336,79.62691818181818,2.8716454471030692
GTM,guatemala,89.25111966940081,80,22.76046074134676,15.835231670144353,16.64944289126268,89.23087110726266,89.28108035895302,0.010836041711163294
GUF,french guiana,84.02798103812931,87.5,26.044003215328154,21.270647611894077,22.533256903401792,80.38243620431811,89.37881479464083,6.361400307338669
GUM,guam,83.64815981167273,95,31.248609198720796,31.242449142755618,21.328950875011103,81.25030352235822,87.04635711624441,1.781435661028988
GUY,guyana,81.26085521444719,87.5,28.444044631561482,25.165916585436673,26.445289005952258,79.98827257234224,87.08297218227031,2.983515450063396
HKG,"china, hong kong special administrative region",65.23526021475527,90,41.07068377815242,47.865537360931754,47.865537360931754,63.52709527232256,66.69075736265259,1.7825802484546698
HND,honduras,85.96109837110184,80,26.430915431670094,20.72536652434317,21.745510577599376,83.35554860812265,90.1614354799443,1.5231515366358253
HRV,croatia,69.43874697972302,80,41.31993254992073,48.6775800354711,47.33775250972272,65.36229864031685,71.29688484848484,1.6393488111938683
HTI,haiti,88.92061414249324,80,23.459973591965507,16.250939096496094,17.16137834186302,85.82968787028882,90.5252957652158,1.559009587005815
HUN,hungary,68.86473124963473,80,41.04276928058643,46.78764451495244,48.22687228990903,67.34093147636285,69.91362960897696,0.9894512609517647
IDN,indonesia,80.62562039522889,93,28.69719454235539,24.4276137211029,25.814951972353594,78.66463407785687,88.21310069437293,3.0099130004113936
IMN,isle of man,NA,NA,41.10791418965556,48.87360007124886,NA,NA,NA,NA
IND,india,81.11120536954752,97,27.725475232942205,22.94753749799462,24.130091889845904,72.63625007321964,87.45104146725112,3.375841351240199
IRL,ireland,81.16828814392139,65,35.744100707520325,37.34173185622139,35.90069937294557,79.65625031490437,82.06870742845797,1.0560002098452221
IRN,iran (islamic republic of),81.71112193846128,88,29.936394353841024,24.446508782162446,25.75317965182314,81.70740908911829,81.72873299607147,0.0036404632900502443
IRQ,iraq,88.96487504097206,88,22.537032709761515,14.56080149253339,15.53892778955156,88.96481043806033,88.96508150742591,5.754078595053809e-5
ISL,iceland,86.04891285889991,95,22.996402295122238,17.30710048721265,18.19746578112581,67.23863084966646,86.82854167372443,8.262548544010894
ISR,israel,85.3961502386409,80,27.408552680938964,23.64325833739342,22.620585132216686,76.38279958444936,89.16959064346065,4.815938767815132
ITA,italy,72.28605440649355,86,38.89908197495011,46.09562923608718,40.69818453500696,67.92788329429422,75.32132540885029,1.7056593211191002
JAM,jamaica,83.63354546264426,80,31.267224303165282,29.104596072079367,25.350766012013228,79.72840522058868,86.81271232613447,1.5894319600452018
JEY,jersey,NA,NA,34.54774549206647,36.41270230682089,NA,NA,NA,NA
JOR,jordan,89.85198197831451,80,23.437174448065804,14.768817798366817,15.718739190962683,88.69256260859319,91.73366061513015,0.831253017738066
JPN,japan,68.6038838047895,80,44.50767216418913,52.66489197956967,48.6309110830398,62.42157042403714,72.83345950359403,2.1813447086414244
KAZ,kazakhstan,79.68459981238541,89,30.6463445828499,28.473564161286056,28.473564161286056,72.20197168784901,84.72978775970637,4.136902272831498
KEN,kenya,87.43946628429059,82.33333333333333,23.950194670010866,17.44558908174331,18.389677947312258,84.86346354979966,92.54847171582492,3.2295714233380526
KGZ,kyrgyzstan,83.8597817274733,91,27.110999472296186,21.978319202209654,21.978319202209654,79.58075135511396,86.14923292438456,2.251121472451285
KHM,cambodia,86.84713623003263,89,25.544537654678717,19.408081669164147,18.312885524090294,84.89588162875596,90.50088727214558,1.569615919804759
KIR,kiribati,NA,NA,24.96054615240439,19.502579188838997,NA,NA,NA,NA
KNA,saint kitts and nevis,86.46611394302849,80,29.72144609513425,25.065421834537275,20.96326836581709,84.447172562399,87.26943037462192,1.9956376372795332
KOR,republic of korea,74.59346622343895,80,37.457511820742056,41.089879153550946,39.35336706406607,68.02387085781618,77.26303344569901,2.708496248140801
KOS,kosovo,81.49807895667578,95,29.014285224863567,25.385833071348536,24.13346513183881,67.57522821203953,85.77498992086122,3.408798007085747
KWT,kuwait,88.13421590627637,80,27.02060246540195,16.72013976819273,18.379467307502534,85.39012305178683,92.04993025191527,2.427169475145966
LAO,lao people's democratic republic,89.27559161129517,89,23.086401943368404,15.891916267906977,14.931718793011763,88.19135771944997,90.4901173495771,0.6576978179306778
LBN,lebanon,85.70032931007555,80,27.111283424543196,23.28575135061334,22.14942795837123,81.77376715748433,90.03203024174181,3.2481254030379896
LBR,liberia,89.03836693440552,87.66666666666666,22.369317786811024,13.981448305381866,14.878473629730628,86.70705006897634,90.4962118718651,1.0349656140279369
LBY,libya,83.44101818702256,84.5,28.507480422193378,22.689801718151976,24.038357310135577,76.96023626386557,87.74891532846716,2.2986981625646834
LCA,saint lucia,84.11267012716144,80,30.92894789998074,28.655715218504408,24.608627436243125,81.15038109912686,89.12988124082688,2.2987818086261838
LIE,liechtenstein,68.65224653408795,80,39.763863648164495,46.8123993976842,48.555999792304895,65.12109904153354,73.1979330593071,2.347655715611765
LKA,sri lanka,85.08861304422642,85,25.679543064412876,20.690579037804465,21.738300103176023,76.01455329414435,87.17816208157367,4.054669906582206
LSO,lesotho,88.22863467242216,72,25.76663860065224,19.364847909872516,20.259130744144677,87.24520016444113,89.02844221350544,0.6597061906499619
LTU,lithuania,71.02017309684464,80,38.67299477030236,44.888207718642114,44.888207718642114,67.20963359544922,72.8621231127073,1.617127564953149
LUX,luxembourg,72.91571452776645,80,38.82271997203798,43.61062889574994,41.95211504373226,72.28295435684646,73.2867200699989,0.5103266933173549
LVA,latvia,69.09327674884798,80,41.2315419590878,47.872867489392824,47.872867489392824,67.09917843516607,69.76940882997599,1.0779725638004116
MAC,"china, macao special administrative region",NA,NA,34.04946919230472,35.17534980849225,NA,NA,NA,NA
MAR,morocco,81.79461125990625,84.5,28.418108211237705,25.037327100679484,26.347647450876874,80.53228104217835,84.65043528225966,1.384729309166347
MCO,monaco,61.96951968066827,80,46.17531523434402,57.366041925506885,58.90718760739116,61.96134230251778,62.00248793565682,0.018218721930061247
MDA,republic of moldova,77.8908300918109,80,33.046462401730324,34.2459261279261,34.2459261279261,72.6228226246242,80.35587594631038,1.8703324030647137
MDG,madagascar,89.47517867244207,80,21.86951854480212,14.54073383647971,16.302387434259494,89.47515692406039,89.4752253982682,2.431775773009332e-5
MDV,maldives,NA,NA,23.431280922118912,13.952539878870596,NA,NA,NA,NA
MEX,mexico,85.52512182730692,80,29.020731967687407,24.963510910542496,22.42081501346511,82.67286107919143,89.52607730019218,1.2992632096027623
MHL,marshall islands,89.66627088036121,80,22.042136945071483,15.252069224981188,16.006395786305493,89.61533963840525,91.72825,0.5432655551199488
MKD,the former yugoslav republic of macedonia,87.46834355170536,80,25.43040933040499,20.40594652589175,19.4108681045456,71.6680653192697,88.4850531367221,5.267615942364916
MLI,mali,89.09315664153647,94,20.69816922706401,13.73939616473403,14.511800135027894,87.38813063475249,90.33387543692213,0.9996273097965119
MLT,malta,NA,NA,25.28595166859879,20.204375779667874,NA,NA,NA,NA
MMR,myanmar,80.04947181358352,89,29.506190026430097,26.47094998106488,27.777352918168933,77.72756727153131,84.58127329108754,2.1334299304063613
MNE,montenegro,74.18093836264215,80,37.142321054509786,41.3000862542147,39.99235073940185,65.67323663489432,80.51430041030414,3.457937894914546
MNG,mongolia,83.2527704849582,90.5,27.64960332208287,21.66136376749417,23.00354146205298,80.28567625947541,86.02969735033345,1.3551929556219444
MNP,northern mariana islands,NA,NA,31.078938872148086,31.81697517577845,NA,NA,NA,NA
MOZ,mozambique,90.67531920261197,75.5,20.957372701814965,13.573559520087237,14.314772000623975,87.70727620124364,91.74623698666414,1.4225638842155623
MRT,mauritania,88.96100627551057,83,22.24577174413074,15.604574599904698,16.48078369162812,87.78863185331618,89.13328182931596,0.3717942782120743
MSR,montserrat,NA,NA,25.439018104334988,19.858499521313913,NA,NA,NA,NA
MTQ,martinique,73.08818871526961,80,36.11962735651967,40.0519935471553,41.684961717364295,69.82594191456022,75.90970393858957,2.8021627159267126
MUS,mauritius,NA,NA,31.03501847232309,30.93426686340892,NA,NA,NA,NA
MWI,malawi,89.91831769135705,91,21.234305672350875,13.028902136845653,13.728341719627643,87.88095202219579,92.81760230024213,1.207520092337758
MYS,malaysia,82.40589926767882,89,27.877777072885284,23.224156841450867,24.49647150957377,77.86901179681813,90.18261313001146,3.3054136286865856
MYT,mayotte,NA,NA,22.343022236785952,14.928290556605498,NA,NA,NA,NA
"NAM",namibia,86.3789146155199,88,25.14420819101044,18.00974738264725,18.953089756762843,82.95878752998581,88.3253641555527,1.5161472773677023
NCL,new caledonia,NA,NA,22.584333449857926,16.111613330594782,NA,NA,NA,NA
NER,niger,90.85861509640615,77,19.674949793980367,12.556658049822184,13.246335013582664,90.03956848699637,91.80327384082409,0.5725745982656139
NFK,norfolk island,NA,NA,46.94589473684211,63.13263157894738,NA,NA,NA,NA
NGA,nigeria,89.67757473952624,77,22.45608684267891,14.522038456401155,15.441925421803443,86.62165335225444,91.77153416635919,1.6139308670893637
NIC,nicaragua,89.65652024079117,80,24.16079300575618,16.968746025149716,16.02149900744862,87.2621002060322,92.55235724879337,1.6506667610765395
NIU,niue,NA,NA,30.177458033573142,31.974420463629098,NA,NA,NA,NA
NLD,netherlands,74.50477399425401,81.5,39.890325304374336,46.79451773725419,39.00443717300096,70.56380685214651,79.44648652404325,2.4799114242485185
NOR,norway,71.12359003511082,95,38.69809034117282,43.44918630983119,37.665701382494206,66.08557761861502,75.84297536130352,2.4655530863546327
NPL,nepal,83.8326001162657,95,25.370887822181636,20.056867852140645,21.088371334682467,83.00274930571807,85.51315453041852,1.201107030564313
NRU,nauru,NA,NA,22.995573044761436,15.683226758484997,NA,NA,NA,NA
NZL,new zealand,89.95792193619178,30,37.68045783692691,42.924093028605,41.47905024290882,NA,NA,NA
OMN,oman,88.38164441439241,80,27.25988554095033,16.653517478798925,17.996213732353752,86.60571622160586,89.41513459869114,0.939584697807212
PAK,pakistan,87.03978153395812,80,25.245237755275756,19.023018730748863,20.07468783463735,86.5918810198141,87.73948091840144,0.40201384687004954
PAN,panama,82.11579118390017,80,29.483894559648117,26.430685002117215,27.701686518122415,73.18524178335748,90.56363520402269,5.077805697875925
PER,peru,86.5216756716428,92.5,28.062463872346147,23.174642360986404,17.833630233900593,84.2327511478236,91.06492922704741,1.8188132881348735
PHL,philippines,85.67106242205247,89,26.223630194494167,21.141958183155822,19.95034679412938,79.96801523072739,91.35225431160791,2.006030237310355
PLW,palau,NA,NA,32.350786574649575,30.467658279394744,NA,NA,NA,NA
PNG,papua new guinea,86.45101285614567,89,25.425981890890615,19.91917232994545,18.864412714387218,85.55894490923225,88.5798431174186,0.8311573051721007
POL,poland,74.84916509377125,80,34.91021745899572,37.57799943384871,38.95730313852039,73.87216052406347,75.41473026280154,0.6092127169164631
PRI,puerto rico,80.23692451537596,95,33.5279288172476,34.40223730132337,25.778484947008476,69.57352484989994,88.83155126274445,2.8059270235738007
PRK,democratic people's republic of korea,77.87215760414564,80,32.844732803823035,32.541853665104014,34.274848816379134,76.74945470863379,78.62691819398164,0.591853655149592
PRT,portugal,69.29565784344821,81.5,41.94290692278603,48.531725055670506,47.068199094840395,69.05920256736856,75.14919758769624,3.0703088839977486
PRY,paraguay,84.928431807433725,85,26.10929040641739,20.876102700989172,21.971817468571007,79.35162683229814,87.16492998472944,2.1831729513361533
PSE,occupied palestinian territory,NA,NA,21.830287129486415,14.187537160763663,NA,NA,NA,NA
PYF,french polynesia,NA,NA,30.11543581180762,26.958906681687722,NA,NA,NA,NA
QAT,qatar,86.4733853877587,80,30.63329959204747,18.84871449097647,20.952005285379947,85.83041805254523,87.00866430437739,0.40815962989510346
REU,reunion,NA,NA,32.80903917253952,33.62827584481526,NA,NA,NA,NA
ROU,romania,69.79581290428804,80,40.39239878929546,45.00505849185038,46.78467641838904,68.9017127464333,70.51252186298773,0.6782310471621931
RUS,russian federation,72.07930388184413,80,38.57459790435794,43.24767056715596,43.24767056715596,68.26067236330375,85.34476634441586,3.586985202912167
RWA,rwanda,87.65863129464064,95,22.77089882343493,15.094179463520492,15.887630478591007,85.6394439344336,91.0641296272242,1.9890429558083662
SAU,saudi arabia,87.68856790944703,80,26.93082841323659,17.705866580822008,19.069752308787137,86.06056788956526,89.48660816399581,1.0693532208721168
SDN,sudan,85.48887480103082,88,22.750673318620592,15.351242233651755,20.433599750716997,83.70895340594315,86.02594898847694,0.5930194556709546
SEN,senegal,90.37116516548339,83,21.48436518120548,13.586452162233469,14.37547190175809,90.33858764296934,90.40819031869631,0.01661772383535806
SGP,singapore,83.33877143196187,89,26.70337916124497,22.027155935135323,23.19762272257927,73.11420904443428,84.35764247662473,4.532693481956627
SHN,saint helena,NA,NA,39.829344665622905,48.11004249608589,NA,NA,NA,NA
SLB,solomon islands,NA,NA,25.916752985702715,20.81367998874486,NA,NA,NA,NA
SLE,sierra leone,85.45450965832019,84.33333333333334,24.91625459443716,19.566635276077363,20.555914741876247,84.31116123950892,86.79809329992571,1.1169102222521494
SLV,el salvador,84.01946080209845,80,28.049029283087545,23.63769023329214,24.753003714221727,83.35554860812265,86.05638448991314,0.9200685687023953
SMR,san marino,NA,NA,42.345404803857924,50.91965748554824,NA,NA,NA,NA
SOM,somalia,87.40923856151234,80,25.00437701500377,19.50241858501808,19.50241858501808,83.7002158822613,91.17966561774148,3.2299764491203904
SPM,saint pierre and miquelon,NA,NA,33.826150178647666,35.69858829664395,NA,NA,NA,NA
SRB,serbia,68.80197779967688,80,41.81401467138515,49.6318354831501,48.32407404015352,67.43810895403736,69.89480084567212,1.0522976579933943
SSD,south sudan,89.30431965432925,88,19.9478568730076,10.255747818461177,15.06094449936743,87.55220215895244,90.13326716633335,0.7435333510653125
STP,sao tome and principe,NA,NA,23.04181437165585,15.69468071962821,NA,NA,NA,NA
SUR,suriname,83.97191042986115,87.5,27.32663804454164,21.46356492003988,22.62517488550793,70.27306037821567,84.31610251344571,4.583499060195651
SVK,slovakia,71.83965498323008,80,38.50069519675203,42.29357571438636,43.61887394171302,70.1091297259903,74.55556374230757,1.6598298091230304
SVN,slovenia,70.15410652976513,80,41.11555723696052,47.720959050658166,46.22969868375909,68.05718662952646,71.44307748264609,1.1189808782775659
SWE,sweden,67.4452557765805,98,40.584778077029604,46.67441704068769,41.16372584707725,62.728082799782015,71.10982304476897,2.311003277807676
SWZ,swaziland,89.00188228833738,85,23.13897640418825,15.236249132227815,16.03341017809258,88.64569520316027,89.26476207005047,0.2607676678112599
SXM,sint maarten (dutch part),NA,NA,33.9415992691512,36.60047827605664,NA,NA,NA,NA
SYC,seychelles,NA,NA,26.52578664509017,21.570888519412858,NA,NA,NA,NA
SYR,syrian arab republic,90.19034673822425,66,24.501282205369435,17.438335739079836,18.417733584498823,90.18690376368824,90.19108864691444,0.0010645327480412643
TCA,turks and caicos islands,NA,NA,34.14350300910142,33.74521953099523,NA,NA,NA,NA
TCD,chad,90.17634450206057,78.33333333333333,19.49131030758713,12.033667833535743,16.24806061821328,87.93988169000357,91.18924001581283,0.7951071087453246
TGO,togo,88.25189966714063,94.33333333333334,22.584569799058702,14.404663923730102,15.323942258996105,87.18945502236488,88.74878872119378,0.5689956696608328
THA,thailand,73.68242666593181,85,35.16221536337542,36.647621424444836,38.36660592472954,69.47324006845909,76.66969586997759,2.468466922274514
TJK,tajikistan,86.98695021873893,91,24.443861248239337,17.72001822141574,17.72001822141574,83.63575431986226,88.13546800815779,1.8718915061843013
TKL,tokelau,NA,NA,27.34208918753818,25.5222968845449,NA,NA,NA,NA
TKM,turkmenistan,84.31691087244408,91,26.846918942576135,21.355841234739845,21.355841234739845,84.31688445588009,84.31694916842515,2.715149593000092e-5
TLS,timor-leste,NA,NA,23.119571520360118,17.04373190761452,NA,NA,NA,NA
TON,tonga,86.82674598340476,80,25.977049329807606,21.516914379502143,20.404668551107868,81.20164705882353,87.25071256846148,2.292235754052086
TTO,trinidad and tobago,81.74895880770718,80,32.65091717685325,32.379615902059015,28.26989032263448,76.39884295736643,83.44031090004674,1.8804075157065505
TUN,tunisia,78.38383814743247,84.5,31.402976877097085,29.985983849282736,31.33864779773954,74.30021269125363,81.43893015415317,2.0763857638120617
TUR,turkey,80.64676393863901,80,31.077075386884353,28.726521305591497,29.97713144572644,72.16311885581754,91.78387869369078,5.043259567380763
TUV,tuvalu,NA,NA,27.843002615844544,26.54334828101645,NA,NA,NA,NA
TWN,taiwan,72.13933162194908,90,36.06390627186862,38.3597251522111,38.3597251522111,67.58412367479873,87.94067924528302,4.541376846552026
TZA,united republic of tanzania,88.35946042846753,97,21.73772283998913,14.01445222082606,14.870577768663951,82.71470431269469,91.21081384334799,2.2619858807495654
UGA,uganda,90.59077335729829,93,20.281970702357324,11.996781955082602,12.731601399501963,90.5494375131371,90.68957500111179,0.016328828089599418
UKR,ukraine,70.68778998489246,80,40.052415349707,45.40305144843177,45.40305144843177,67.850584469414855,75.05940970606859,1.974852422264862
URY,uruguay,79.54140732872581,69,34.66203857482335,35.4863986439918,36.74118253555699,75.63405537653239,82.25859707317073,1.735616844857068
USA,united states,72.29655616449851,92.73144676949367,39.100103911008915,44.21650893027894,37.27844498482287,65.29592623902612,80.7304649199519,2.67162684075145
UZB,uzbekistan,84.65349634448917,91,26.583092558999578,20.897508960756596,20.897508960756596,84.63645627942226,84.66180653257965,0.00616498709623506
VCT,saint vincent and the grenadines,83.38062689899785,80,31.63510864040591,29.801139700595318,25.74252339064769,81.47109659090908,85.75763259831959,1.3312289505536614
VEN,venezuela (bolivarian republic of),82.38578285500323,87.5,28.89689097337577,24.86675076945238,24.86675076945238,77.46561896135402,86.54498080536501,2.3841691385274646
VGB,british virgin islands,NA,NA,33.20496534122219,32.82635807302996,NA,NA,NA,NA
VIR,united states virgin islands,78.5167954043215,95,34.56733712555246,36.93804223277132,28.02218038958913,73.57411386742578,80.36107800204142,3.7306129631558633
VNM,viet nam,80.18800889462442,89,30.206459914270603,26.19445784636253,27.58446612558036,76.90299844856384,84.6341489533071,2.6406311639657303
VUT,vanuatu,NA,NA,24.390120673517245,18.086132106804616,NA,NA,NA,NA
WLF,wallis and futuna islands,NA,NA,30.54245472837022,30.113480885311873,NA,NA,NA,NA
WSM,samoa,88.00615770477765,80,24.387645031708164,19.711567871780755,18.57782263820069,87.02360816617316,88.7336699764647,0.6989514328149566
YEM,yemen,92.73314157316015,63,21.41394404425228,13.553049999667525,14.293303488994814,90.81076331808737,94.28040405282213,0.82896771437399
ZAF,south africa,84.2499866310196,80,28.14676493507622,23.15781735367811,24.307874092460786,81.87045208056398,85.90265114586045,1.3685905535797371
ZMB,zambia,84.97629576343196,91,25.039584676940063,19.447936889755013,20.457949312428383,79.89105269690808,91.91948566550417,3.8810706905142647
ZWE,zimbabwe,89.12966278575705,92.33333333333331,21.970329221469875,13.408345480991443,14.227157283418116,87.53997190269394,90.3984785123967,0.9050883872254933
